{"cameraMode":{"drawMode":0,"name":"Shaded","section":"Shading Mode"},"sceneLighting":false,"audioPlay":false,"sceneViewState":{"showFog":true,"showMaterialUpdate":true,"showSkybox":true,"showFlares":true,"showImageEffects":true,"showParticleSystems":true},"in2DMode":false,"pivot":{"x":0.9920023679733276,"y":16.781068801879884,"z":-4.148819446563721},"rotation":{"x":-0.08043785393238068,"y":0.8687824606895447,"z":-0.15030403435230256,"w":-0.46494245529174807},"size":2.9700403213500978,"orthographic":false}